Timestamp,Project,How do you feel about the following? [Overall Project],How do you feel about the following? [Team Collaboration],How do you feel about the following? [Meeting Deadlines],How do you feel about the following? [Tools and Process],How do you feel about the following? [Leadership Support],Comments?
04/14/2019 15:51:21,AccessOne,Happy,Neutral,Happy,Neutral,Happy,
04/14/2019 15:54:26,AccessOne,Confused,Neutral,Confused,Confused,Very sad,
04/14/2019 16:09:41,SystemsTeam,Happy,Very Happy,Happy,Happy,Very Happy,
04/14/2019 17:19:48,MyPost,Happy,Happy,Neutral,Happy,Happy,blah
04/15/2019 15:18:05,SystemsTeam,Confused,Happy,Neutral,Neutral,Happy,
04/15/2019 15:21:56,MyPost,Happy,Neutral,Very Happy,Happy,Happy,
04/15/2019 15:25:06,SystemsTeam,Very Happy,Happy,Neutral,Confused,Very sad,
04/15/2019 15:27:44,AccessOne,Happy,Very Happy,Happy,Neutral,Happy,
04/15/2019 15:44:46,AEM,Happy,Happy,Very Happy,Neutral,Confused,
04/16/2019 11:31:13,CDP,Happy,Happy,Happy,Happy,Very Happy,
04/16/2019 11:33:25,SystemsTeam,Happy,Happy,Happy,Happy,Happy,Sad to be leaving.
04/16/2019 11:39:46,SystemsTeam,Happy,Very Happy,Neutral,Happy,Happy,
04/16/2019 11:46:47,Other,Very Happy,Very Happy,Very Happy,Very Happy,Very Happy,"InfraViewer is awesome, it should have been on the list!"
04/16/2019 11:50:05,AEM,Neutral,Neutral,Confused,Confused,Neutral,Very stressful in last 3 weeks with tight deadlines and amount of work that came through. However things start to get better in last couple days and hoping it will continue to improve :) 
04/16/2019 14:36:35,SystemsTeam,Happy,Very Happy,Neutral,Happy,Happy,
04/16/2019 14:37:52,MyPost,Happy,Confused,Neutral,Happy,Happy,Here is a comment
10/19/2015 13:45:45,Other,Happy,Neutral,Very Happy,Confused,Happy,This is a comment
04/17/2019 12:51:27,AccessOne,Happy,Happy,Neutral,Happy,Happy,Add a comment
